timestamp,component_id,discharge_pressure_psi,suction_pressure_psi,flow_rate_m3_h,bearing_temperature_c,vibration_rms_mm_s,motor_current_amps,reactor_inlet_pressure_psi,reactor_bed_temp_c,sv402_relief_valve_status,lube_oil_pressure_bar,status_indicator
2026-09-05 00:00:00,P-101A,104.62,19.77,377.71,69.56,2.244,178.0,96.12,398.9,CLOSED,3.49,NOMINAL
2026-09-05 00:05:00,P-101A,104.11,20.29,377.37,69.79,2.355,175.8,95.61,397.1,CLOSED,3.35,NOMINAL
2026-09-05 00:10:00,P-101A,105.12,19.94,377.65,69.15,2.205,177.4,96.62,398.1,CLOSED,3.35,NOMINAL
2026-09-05 00:15:00,P-101A,105.22,19.37,377.82,69.59,2.277,178.5,96.72,398.4,CLOSED,3.48,NOMINAL
2026-09-05 00:20:00,P-101A,105.7,19.93,378.39,69.03,2.457,175.8,97.2,398.6,CLOSED,3.32,NOMINAL
2026-09-05 00:25:00,P-101A,104.67,20.0,380.17,69.19,2.373,175.0,96.17,397.3,CLOSED,3.32,NOMINAL
2026-09-05 00:30:00,P-101A,104.56,19.39,376.5,69.6,2.331,175.1,96.06,397.6,CLOSED,3.45,NOMINAL
2026-09-05 00:35:00,P-101A,106.01,19.22,376.99,69.52,2.265,178.3,97.51,398.0,CLOSED,3.47,NOMINAL
2026-09-05 00:40:00,P-101A,105.36,19.78,375.46,69.44,2.429,176.7,96.86,398.7,CLOSED,3.47,NOMINAL
2026-09-05 00:45:00,P-101A,105.79,20.29,378.99,69.43,2.228,176.8,97.29,397.9,CLOSED,3.38,NOMINAL
2026-09-05 00:50:00,P-101A,106.37,20.2,379.2,69.06,2.415,177.1,97.87,398.4,CLOSED,3.39,NOMINAL
2026-09-05 00:55:00,P-101A,106.41,20.0,375.61,69.51,2.399,177.5,97.91,398.3,CLOSED,3.3,NOMINAL
2026-09-05 01:00:00,P-101A,107.01,19.62,378.77,68.99,2.494,173.8,98.51,397.8,CLOSED,3.31,NOMINAL
2026-09-05 01:05:00,P-101A,105.78,20.31,376.83,68.97,2.289,173.8,97.28,397.8,CLOSED,3.45,NOMINAL
2026-09-05 01:10:00,P-101A,106.86,20.04,378.95,69.09,2.442,176.9,98.36,397.3,CLOSED,3.46,NOMINAL
2026-09-05 01:15:00,P-101A,106.93,19.87,378.33,69.54,2.355,174.9,98.43,397.3,CLOSED,3.32,NOMINAL
2026-09-05 01:20:00,P-101A,106.24,19.31,376.44,69.53,2.414,175.2,97.74,398.4,CLOSED,3.38,NOMINAL
2026-09-05 01:25:00,P-101A,107.54,19.57,377.72,69.3,2.458,174.8,99.04,398.9,CLOSED,3.45,NOMINAL
2026-09-05 01:30:00,P-101A,107.25,19.63,374.93,69.44,2.401,178.0,98.75,397.9,CLOSED,3.37,NOMINAL
2026-09-05 01:35:00,P-101A,105.63,19.83,377.85,69.15,2.492,173.8,97.13,398.5,CLOSED,3.34,NOMINAL
2026-09-05 01:40:00,P-101A,106.29,19.29,378.72,69.01,2.305,175.9,97.79,398.7,CLOSED,3.45,NOMINAL
2026-09-05 01:45:00,P-101A,107.07,20.24,378.14,69.29,2.268,173.7,98.57,397.1,CLOSED,3.32,NOMINAL
2026-09-05 01:50:00,P-101A,105.93,19.34,375.45,69.05,2.499,174.0,97.43,398.4,CLOSED,3.44,NOMINAL
2026-09-05 01:55:00,P-101A,107.68,19.73,376.66,68.74,2.411,177.0,99.18,397.6,CLOSED,3.37,NOMINAL
2026-09-05 02:00:00,P-101A,106.05,19.83,381.69,68.51,2.232,178.3,97.55,397.0,CLOSED,3.42,NOMINAL
2026-09-05 02:05:00,P-101A,106.64,20.1,376.88,69.0,2.245,174.8,98.14,397.1,CLOSED,3.47,NOMINAL
2026-09-05 02:10:00,P-101A,107.36,19.51,375.29,68.52,2.247,177.7,98.86,398.5,CLOSED,3.39,NOMINAL
2026-09-05 02:15:00,P-101A,105.96,19.51,380.79,68.73,2.29,176.7,97.46,398.3,CLOSED,3.39,NOMINAL
2026-09-05 02:20:00,P-101A,106.67,20.26,378.6,68.51,2.275,177.8,98.17,397.3,CLOSED,3.48,NOMINAL
2026-09-05 02:25:00,P-101A,106.85,19.71,380.27,68.36,2.411,176.5,98.35,398.3,CLOSED,3.32,NOMINAL
2026-09-05 02:30:00,P-101A,106.32,19.3,374.32,68.27,2.336,175.5,97.82,398.0,CLOSED,3.36,NOMINAL
2026-09-05 02:35:00,P-101A,108.16,20.35,377.66,68.89,2.469,175.4,99.66,397.9,CLOSED,3.45,NOMINAL
2026-09-05 02:40:00,P-101A,105.88,20.09,379.91,68.79,2.451,177.2,97.38,398.2,CLOSED,3.41,NOMINAL
2026-09-05 02:45:00,P-101A,107.99,19.51,377.15,68.73,2.227,174.0,99.49,398.5,CLOSED,3.48,NOMINAL
2026-09-05 02:50:00,P-101A,106.17,19.51,374.22,68.67,2.387,176.8,97.67,397.6,CLOSED,3.46,NOMINAL
2026-09-05 02:55:00,P-101A,106.75,20.23,379.79,68.55,2.209,175.5,98.25,398.6,CLOSED,3.41,NOMINAL
2026-09-05 03:00:00,P-101A,107.71,20.26,381.81,68.53,2.235,177.7,99.21,397.1,CLOSED,3.43,NOMINAL
2026-09-05 03:05:00,P-101A,106.68,19.3,377.74,68.4,2.241,175.6,98.18,398.5,CLOSED,3.31,NOMINAL
2026-09-05 03:10:00,P-101A,107.25,19.82,379.35,68.4,2.232,175.6,98.75,398.5,CLOSED,3.49,NOMINAL
2026-09-05 03:15:00,P-101A,107.09,20.33,379.08,67.86,2.42,174.6,98.59,397.7,CLOSED,3.39,NOMINAL
2026-09-05 03:20:00,P-101A,107.17,19.93,377.93,68.08,2.458,176.4,98.67,398.5,CLOSED,3.37,NOMINAL
2026-09-05 03:25:00,P-101A,105.29,19.43,380.48,68.2,2.448,176.2,96.79,398.7,CLOSED,3.43,NOMINAL
2026-09-05 03:30:00,P-101A,105.81,19.75,376.25,67.61,2.459,177.0,97.31,397.6,CLOSED,3.48,NOMINAL
2026-09-05 03:35:00,P-101A,105.53,19.4,379.31,68.31,2.351,178.3,97.03,398.8,CLOSED,3.49,NOMINAL
2026-09-05 03:40:00,P-101A,106.16,19.64,378.06,67.55,2.492,173.7,97.66,398.7,CLOSED,3.49,NOMINAL
2026-09-05 03:45:00,P-101A,105.79,19.51,379.54,67.59,2.37,176.6,97.29,397.6,CLOSED,3.48,NOMINAL
2026-09-05 03:50:00,P-101A,106.12,20.14,380.87,67.95,2.29,176.7,97.62,398.1,CLOSED,3.39,NOMINAL
2026-09-05 03:55:00,P-101A,106.8,19.98,375.86,67.66,2.347,175.6,98.3,398.7,CLOSED,3.43,NOMINAL
2026-09-05 04:00:00,P-101A,106.21,19.45,377.89,67.37,2.239,175.0,97.71,397.9,CLOSED,3.31,NOMINAL
2026-09-05 04:05:00,P-101A,104.85,19.3,378.55,67.28,2.23,176.8,96.35,398.9,CLOSED,3.39,NOMINAL
2026-09-05 04:10:00,P-101A,105.53,19.86,377.71,67.25,2.427,176.1,97.03,398.4,CLOSED,3.49,NOMINAL
2026-09-05 04:15:00,P-101A,104.79,20.0,378.49,67.85,2.244,178.4,96.29,398.1,CLOSED,3.33,NOMINAL
2026-09-05 04:20:00,P-101A,104.79,19.23,375.85,67.87,2.295,173.8,96.29,398.4,CLOSED,3.49,NOMINAL
2026-09-05 04:25:00,P-101A,106.14,20.36,379.0,67.25,2.34,177.1,97.64,398.7,CLOSED,3.32,NOMINAL
2026-09-05 04:30:00,P-101A,105.16,19.52,379.46,67.74,2.264,177.4,96.66,397.7,CLOSED,3.31,NOMINAL
2026-09-05 04:35:00,P-101A,104.37,19.36,381.17,67.34,2.284,174.5,95.87,398.9,CLOSED,3.49,NOMINAL
2026-09-05 04:40:00,P-101A,105.15,20.02,380.77,67.4,2.471,176.4,96.65,398.5,CLOSED,3.4,NOMINAL
2026-09-05 04:45:00,P-101A,105.52,19.24,374.72,67.3,2.336,177.8,97.02,397.7,CLOSED,3.42,NOMINAL
2026-09-05 04:50:00,P-101A,103.45,19.54,379.03,67.4,2.311,177.7,94.95,398.2,CLOSED,3.33,NOMINAL
2026-09-05 04:55:00,P-101A,104.62,20.28,376.56,67.0,2.436,177.9,96.12,398.7,CLOSED,3.5,NOMINAL
2026-09-05 05:00:00,P-101A,104.09,20.24,381.87,67.54,2.231,177.7,95.59,397.8,CLOSED,3.46,NOMINAL
2026-09-05 05:05:00,P-101A,102.99,19.25,380.82,67.46,2.446,176.0,94.49,397.7,CLOSED,3.32,NOMINAL
2026-09-05 05:10:00,P-101A,103.57,20.06,375.0,66.97,2.26,175.8,95.07,398.5,CLOSED,3.47,NOMINAL
2026-09-05 05:15:00,P-101A,102.8,19.88,378.83,66.94,2.255,177.6,94.3,397.0,CLOSED,3.43,NOMINAL
2026-09-05 05:20:00,P-101A,104.66,19.87,376.61,66.84,2.384,178.0,96.16,398.7,CLOSED,3.48,NOMINAL
2026-09-05 05:25:00,P-101A,104.34,19.63,375.87,66.92,2.317,176.3,95.84,398.3,CLOSED,3.49,NOMINAL
2026-09-05 05:30:00,P-101A,102.93,20.39,375.6,66.8,2.207,176.2,94.43,397.3,CLOSED,3.34,NOMINAL
2026-09-05 05:35:00,P-101A,103.22,19.55,376.55,67.0,2.289,176.6,94.72,398.7,CLOSED,3.39,NOMINAL
2026-09-05 05:40:00,P-101A,102.94,19.58,380.63,67.21,2.431,174.3,94.44,398.2,CLOSED,3.37,NOMINAL
2026-09-05 05:45:00,P-101A,102.31,19.94,379.64,66.85,2.462,177.3,93.81,398.2,CLOSED,3.31,NOMINAL
2026-09-05 05:50:00,P-101A,101.91,20.22,379.93,66.97,2.21,177.1,93.41,398.0,CLOSED,3.46,NOMINAL
2026-09-05 05:55:00,P-101A,103.44,19.26,380.76,66.72,2.382,175.2,94.94,398.6,CLOSED,3.32,NOMINAL
2026-09-05 06:00:00,P-101A,103.04,19.91,374.05,67.16,2.443,177.5,94.54,398.6,CLOSED,3.38,NOMINAL
2026-09-05 06:05:00,P-101A,103.25,20.4,379.04,67.16,2.361,178.2,94.75,398.3,CLOSED,3.34,NOMINAL
2026-09-05 06:10:00,P-101A,101.75,19.72,374.71,67.33,2.244,177.7,93.25,397.8,CLOSED,3.47,NOMINAL
2026-09-05 06:15:00,P-101A,101.8,19.52,374.39,66.99,2.343,173.9,93.3,397.6,CLOSED,3.46,NOMINAL
2026-09-05 06:20:00,P-101A,101.9,19.6,377.0,67.39,2.367,175.9,93.4,398.3,CLOSED,3.46,NOMINAL
2026-09-05 06:25:00,P-101A,101.73,20.33,377.03,66.96,2.302,174.6,93.23,398.4,CLOSED,3.41,NOMINAL
2026-09-05 06:30:00,P-101A,101.09,20.24,379.4,67.36,2.418,173.8,92.59,398.2,CLOSED,3.34,NOMINAL
2026-09-05 06:35:00,P-101A,102.0,20.1,380.96,66.61,2.327,177.9,93.5,399.0,CLOSED,3.46,NOMINAL
2026-09-05 06:40:00,P-101A,101.09,19.7,377.2,67.29,2.287,176.3,92.59,397.3,CLOSED,3.45,NOMINAL
2026-09-05 06:45:00,P-101A,101.7,19.38,381.27,67.12,2.259,175.0,93.2,397.3,CLOSED,3.38,NOMINAL
2026-09-05 06:50:00,P-101A,102.57,19.74,374.99,67.22,2.426,177.8,94.07,397.8,CLOSED,3.44,NOMINAL
2026-09-05 06:55:00,P-101A,103.06,19.91,376.21,66.91,2.443,178.0,94.56,397.7,CLOSED,3.33,NOMINAL
2026-09-05 07:00:00,P-101A,102.56,19.94,376.55,67.2,2.308,175.4,94.06,397.7,CLOSED,3.47,NOMINAL
2026-09-05 07:05:00,P-101A,101.97,19.64,376.45,67.15,2.476,175.4,93.47,397.5,CLOSED,3.45,NOMINAL
2026-09-05 07:10:00,P-101A,102.96,20.36,381.65,67.07,2.266,174.2,94.46,398.6,CLOSED,3.43,NOMINAL
2026-09-05 07:15:00,P-101A,102.73,20.4,375.73,66.86,2.467,176.9,94.23,397.7,CLOSED,3.34,NOMINAL
2026-09-05 07:20:00,P-101A,101.22,19.8,376.42,67.33,2.247,174.7,92.72,398.0,CLOSED,3.33,NOMINAL
2026-09-05 07:25:00,P-101A,101.32,20.3,381.3,66.93,2.416,177.2,92.82,398.7,CLOSED,3.31,NOMINAL
2026-09-05 07:30:00,P-101A,100.97,19.85,375.91,66.92,2.318,177.7,92.47,397.8,CLOSED,3.37,NOMINAL
2026-09-05 07:35:00,P-101A,101.59,19.91,376.83,67.11,2.262,174.4,93.09,398.7,CLOSED,3.49,NOMINAL
2026-09-05 07:40:00,P-101A,103.26,19.84,381.54,67.25,2.355,177.1,94.76,397.1,CLOSED,3.31,NOMINAL
2026-09-05 07:45:00,P-101A,101.89,19.57,380.46,66.95,2.461,176.0,93.39,398.0,CLOSED,3.32,NOMINAL
2026-09-05 07:50:00,P-101A,102.3,20.2,379.73,67.45,2.314,176.8,93.8,397.0,CLOSED,3.48,NOMINAL
2026-09-05 07:55:00,P-101A,101.37,19.82,374.27,67.59,2.401,173.6,92.87,397.9,CLOSED,3.42,NOMINAL
2026-09-05 08:00:00,P-101A,103.34,19.3,376.24,67.09,2.204,175.1,94.84,397.2,CLOSED,3.4,NOMINAL
2026-09-05 08:05:00,P-101A,101.88,19.59,377.82,67.4,2.262,177.6,93.38,397.8,CLOSED,3.42,NOMINAL
2026-09-05 08:10:00,P-101A,102.73,19.44,379.17,67.18,2.351,175.3,94.23,398.1,CLOSED,3.49,NOMINAL
2026-09-05 08:15:00,P-101A,102.84,19.38,374.79,67.7,2.241,176.5,94.34,397.9,CLOSED,3.43,NOMINAL
2026-09-05 08:20:00,P-101A,101.88,20.12,378.63,67.9,2.465,173.9,93.38,397.8,CLOSED,3.35,NOMINAL
2026-09-05 08:25:00,P-101A,103.53,19.97,375.41,67.87,2.273,176.9,95.03,398.6,CLOSED,3.48,NOMINAL
2026-09-05 08:30:00,P-101A,103.55,20.11,378.0,68.04,2.232,177.9,95.05,398.5,CLOSED,3.36,NOMINAL
2026-09-05 08:35:00,P-101A,102.59,19.3,377.81,67.84,2.202,178.3,94.09,397.8,CLOSED,3.44,NOMINAL
2026-09-05 08:40:00,P-101A,103.5,19.34,376.75,67.71,2.442,175.7,95.0,397.4,CLOSED,3.44,NOMINAL
2026-09-05 08:45:00,P-101A,104.57,20.35,377.86,67.8,2.229,174.9,96.07,398.3,CLOSED,3.36,NOMINAL
2026-09-05 08:50:00,P-101A,104.61,20.24,381.71,67.55,2.449,177.3,96.11,397.8,CLOSED,3.35,NOMINAL
2026-09-05 08:55:00,P-101A,102.84,20.29,378.56,67.66,2.435,175.0,94.34,397.6,CLOSED,3.39,NOMINAL
2026-09-05 09:00:00,P-101A,103.17,19.49,380.85,67.86,2.434,177.2,94.67,397.8,CLOSED,3.38,NOMINAL
2026-09-05 09:05:00,P-101A,103.91,20.31,376.58,68.09,2.279,173.8,95.41,398.9,CLOSED,3.42,NOMINAL
2026-09-05 09:10:00,P-101A,105.05,19.32,379.77,68.44,2.266,176.0,96.55,397.4,CLOSED,3.49,NOMINAL
2026-09-05 09:15:00,P-101A,103.12,19.55,376.96,67.79,2.392,175.1,94.62,397.8,CLOSED,3.47,NOMINAL
2026-09-05 09:20:00,P-101A,105.04,19.44,377.2,67.99,2.444,178.4,96.54,397.2,CLOSED,3.46,NOMINAL
2026-09-05 09:25:00,P-101A,103.7,20.1,379.74,68.45,2.454,176.6,95.2,399.0,CLOSED,3.44,NOMINAL
2026-09-05 09:30:00,P-101A,104.38,19.82,374.34,68.1,2.457,177.6,95.88,398.7,CLOSED,3.32,NOMINAL
2026-09-05 09:35:00,P-101A,104.22,20.04,380.73,68.08,2.4,174.9,95.72,397.6,CLOSED,3.39,NOMINAL
2026-09-05 09:40:00,P-101A,104.25,19.87,379.21,68.62,2.272,176.2,95.75,397.2,CLOSED,3.37,NOMINAL
2026-09-05 09:45:00,P-101A,105.28,20.17,377.02,68.7,2.373,177.4,96.78,397.8,CLOSED,3.37,NOMINAL
2026-09-05 09:50:00,P-101A,105.58,19.63,375.23,68.42,2.409,178.4,97.08,398.7,CLOSED,3.47,NOMINAL
2026-09-05 09:55:00,P-101A,106.26,19.63,374.47,68.14,2.282,177.5,97.76,398.7,CLOSED,3.39,NOMINAL
2026-09-05 10:00:00,P-101A,106.18,19.71,380.3,68.26,2.22,176.8,97.68,397.9,CLOSED,3.45,NOMINAL
2026-09-05 10:05:00,P-101A,104.44,19.21,381.02,68.67,2.341,176.6,95.94,398.8,CLOSED,3.32,NOMINAL
2026-09-05 10:10:00,P-101A,105.09,19.32,379.62,68.85,2.296,176.2,96.59,398.0,CLOSED,3.41,NOMINAL
2026-09-05 10:15:00,P-101A,105.24,19.86,375.31,68.45,2.254,174.5,96.74,398.2,CLOSED,3.45,NOMINAL
2026-09-05 10:20:00,P-101A,107.03,19.28,377.38,68.53,2.454,177.8,98.53,397.6,CLOSED,3.5,NOMINAL
2026-09-05 10:25:00,P-101A,106.56,19.94,377.34,68.95,2.244,175.8,98.06,397.2,CLOSED,3.34,NOMINAL
2026-09-05 10:30:00,P-101A,105.77,19.53,378.21,68.88,2.347,177.7,97.27,397.2,CLOSED,3.32,NOMINAL
2026-09-05 10:35:00,P-101A,105.08,19.91,374.49,69.18,2.489,175.5,96.58,398.0,CLOSED,3.31,NOMINAL
2026-09-05 10:40:00,P-101A,106.8,20.37,374.14,69.04,2.285,174.0,98.3,398.4,CLOSED,3.48,NOMINAL
2026-09-05 10:45:00,P-101A,107.57,20.28,378.89,69.06,2.494,176.8,99.07,398.2,CLOSED,3.33,NOMINAL
2026-09-05 10:50:00,P-101A,107.18,20.2,375.91,68.84,2.422,177.2,98.68,398.0,CLOSED,3.34,NOMINAL
2026-09-05 10:55:00,P-101A,107.15,19.61,378.23,69.03,2.488,176.7,98.65,397.9,CLOSED,3.31,NOMINAL
2026-09-05 11:00:00,P-101A,105.54,20.16,377.18,68.87,2.243,178.2,97.04,397.6,CLOSED,3.31,NOMINAL
2026-09-05 11:05:00,P-101A,105.87,20.04,380.73,68.83,2.341,175.3,97.37,398.8,CLOSED,3.31,NOMINAL
2026-09-05 11:10:00,P-101A,106.31,19.86,379.25,68.73,2.224,177.3,97.81,397.3,CLOSED,3.4,NOMINAL
2026-09-05 11:15:00,P-101A,106.71,19.96,374.05,69.53,2.37,177.9,98.21,397.5,CLOSED,3.4,NOMINAL
2026-09-05 11:20:00,P-101A,107.28,20.04,375.19,68.86,2.323,174.6,98.78,397.2,CLOSED,3.38,NOMINAL
2026-09-05 11:25:00,P-101A,105.85,19.97,378.21,68.97,2.251,178.1,97.35,398.4,CLOSED,3.49,NOMINAL
2026-09-05 11:30:00,P-101A,106.36,19.47,376.63,68.84,2.247,176.2,97.86,398.8,CLOSED,3.45,NOMINAL
2026-09-05 11:35:00,P-101A,107.68,19.78,376.15,69.44,2.373,174.4,99.18,397.1,CLOSED,3.48,NOMINAL
2026-09-05 11:40:00,P-101A,106.78,19.91,376.23,69.6,2.286,176.0,98.28,398.3,CLOSED,3.34,NOMINAL
2026-09-05 11:45:00,P-101A,107.15,20.36,378.92,68.93,2.262,176.6,98.65,397.5,CLOSED,3.31,NOMINAL
2026-09-05 11:50:00,P-101A,108.13,19.53,376.03,69.56,2.329,177.7,99.63,397.0,CLOSED,3.44,NOMINAL
2026-09-05 11:55:00,P-101A,105.98,19.98,379.65,69.54,2.483,177.4,97.48,397.7,CLOSED,3.39,NOMINAL
2026-09-05 12:00:00,P-101A,107.24,20.35,381.85,69.22,2.386,174.0,98.74,398.6,CLOSED,3.46,NOMINAL
2026-09-05 12:05:00,P-101A,107.79,20.14,376.69,69.26,2.489,176.5,99.29,398.7,CLOSED,3.49,NOMINAL
2026-09-05 12:10:00,P-101A,107.64,20.1,376.19,69.21,2.478,174.5,99.14,398.5,CLOSED,3.39,NOMINAL
2026-09-05 12:15:00,P-101A,105.83,20.09,380.32,69.2,2.32,177.3,97.33,398.9,CLOSED,3.39,NOMINAL
2026-09-05 12:20:00,P-101A,107.07,19.59,377.61,69.68,2.341,175.7,98.57,398.5,CLOSED,3.45,NOMINAL
2026-09-05 12:25:00,P-101A,107.87,20.21,374.96,69.32,2.252,177.5,99.37,397.8,CLOSED,3.38,NOMINAL
2026-09-05 12:30:00,P-101A,107.62,19.28,377.84,69.57,2.331,175.8,99.12,397.9,CLOSED,3.35,NOMINAL
2026-09-05 12:35:00,P-101A,106.04,20.14,376.99,69.57,2.494,174.4,97.54,397.5,CLOSED,3.39,NOMINAL
2026-09-05 12:40:00,P-101A,106.47,19.23,380.13,69.47,2.271,174.7,97.97,397.2,CLOSED,3.39,NOMINAL
2026-09-05 12:45:00,P-101A,107.14,20.29,375.09,69.28,2.238,176.5,98.64,398.4,CLOSED,3.46,NOMINAL
2026-09-05 12:50:00,P-101A,107.16,19.91,375.66,69.39,2.346,176.4,98.66,397.2,CLOSED,3.38,NOMINAL
2026-09-05 12:55:00,P-101A,105.88,20.11,381.37,69.71,2.296,174.7,97.38,398.7,CLOSED,3.3,NOMINAL
2026-09-05 13:00:00,P-101A,106.19,19.48,374.77,69.7,2.204,177.3,97.69,397.7,CLOSED,3.33,NOMINAL
2026-09-05 13:05:00,P-101A,106.1,19.92,379.25,69.74,2.386,173.6,97.6,397.3,CLOSED,3.41,NOMINAL
2026-09-05 13:10:00,P-101A,107.11,20.08,374.71,68.99,2.326,176.7,98.61,397.2,CLOSED,3.32,NOMINAL
2026-09-05 13:15:00,P-101A,106.74,19.79,378.69,69.47,2.42,173.5,98.24,397.2,CLOSED,3.48,NOMINAL
2026-09-05 13:20:00,P-101A,104.62,19.4,374.9,69.2,2.428,177.6,96.12,398.2,CLOSED,3.31,NOMINAL
2026-09-05 13:25:00,P-101A,105.67,19.76,376.15,68.99,2.436,175.8,97.17,397.2,CLOSED,3.32,NOMINAL
2026-09-05 13:30:00,P-101A,106.21,19.63,375.19,69.57,2.277,174.1,97.71,397.8,CLOSED,3.49,NOMINAL
2026-09-05 13:35:00,P-101A,104.44,19.5,377.76,69.41,2.311,175.4,95.94,397.8,CLOSED,3.44,NOMINAL
2026-09-05 13:40:00,P-101A,105.9,19.87,378.29,69.42,2.311,178.2,97.4,397.2,CLOSED,3.36,NOMINAL
2026-09-05 13:45:00,P-101A,104.31,19.37,379.33,68.92,2.314,176.0,95.81,397.4,CLOSED,3.31,NOMINAL
2026-09-05 13:50:00,P-101A,105.52,19.83,381.07,69.44,2.219,178.4,97.02,398.5,CLOSED,3.36,NOMINAL
2026-09-05 13:55:00,P-101A,103.77,19.3,377.99,69.34,2.227,174.6,95.27,398.7,CLOSED,3.46,NOMINAL
2026-09-05 14:00:00,P-101A,104.33,19.97,380.73,69.37,2.379,176.4,95.83,398.4,CLOSED,3.4,NOMINAL
2026-09-05 14:05:00,P-101A,104.6,19.38,375.15,68.8,2.441,177.2,96.1,398.7,CLOSED,3.37,NOMINAL
2026-09-05 14:10:00,P-101A,103.34,19.61,378.75,69.42,2.455,175.2,94.84,398.6,CLOSED,3.36,NOMINAL
2026-09-05 14:15:00,P-101A,104.6,19.93,375.11,68.9,2.349,173.8,96.1,397.4,CLOSED,3.36,NOMINAL
2026-09-05 14:20:00,P-101A,103.12,20.38,376.78,69.31,2.48,177.2,94.62,397.7,CLOSED,3.44,NOMINAL
2026-09-05 14:25:00,P-101A,103.04,20.25,380.35,69.06,2.319,178.4,94.54,398.9,CLOSED,3.39,NOMINAL
2026-09-05 14:30:00,P-101A,103.29,19.29,375.69,69.04,2.219,177.4,94.79,397.6,CLOSED,3.49,NOMINAL
2026-09-05 14:35:00,P-101A,103.29,19.45,376.56,68.98,2.269,176.5,94.79,397.8,CLOSED,3.35,NOMINAL
2026-09-05 14:40:00,P-101A,104.09,20.24,380.83,68.72,2.374,178.4,95.59,398.7,CLOSED,3.33,NOMINAL
2026-09-05 14:45:00,P-101A,103.66,19.45,374.58,68.87,2.289,176.0,95.16,399.0,CLOSED,3.31,NOMINAL
2026-09-05 14:50:00,P-101A,103.26,19.83,377.71,69.09,2.428,177.8,94.76,398.4,CLOSED,3.48,NOMINAL
2026-09-05 14:55:00,P-101A,103.19,20.11,377.92,68.33,2.231,177.9,94.69,397.6,CLOSED,3.31,NOMINAL
2026-09-05 15:00:00,P-101A,103.37,19.88,374.82,68.42,2.203,178.0,94.87,397.6,CLOSED,3.35,NOMINAL
2026-09-05 15:05:00,P-101A,102.52,20.18,377.94,68.73,2.263,176.6,94.02,397.3,CLOSED,3.31,NOMINAL
2026-09-05 15:10:00,P-101A,102.18,20.11,378.53,68.3,2.388,175.1,93.68,398.6,CLOSED,3.45,NOMINAL
2026-09-05 15:15:00,P-101A,103.58,19.64,380.46,68.31,2.471,174.1,95.08,398.1,CLOSED,3.33,NOMINAL
2026-09-05 15:20:00,P-101A,103.14,20.08,378.53,68.09,2.27,176.4,94.64,397.6,CLOSED,3.31,NOMINAL
2026-09-05 15:25:00,P-101A,102.72,19.93,381.73,68.32,2.296,175.1,94.22,397.8,CLOSED,3.43,NOMINAL
2026-09-05 15:30:00,P-101A,102.01,19.77,379.41,68.21,2.389,174.3,93.51,398.2,CLOSED,3.43,NOMINAL
2026-09-05 15:35:00,P-101A,101.91,19.38,381.44,68.14,2.472,174.3,93.41,398.0,CLOSED,3.44,NOMINAL
2026-09-05 15:40:00,P-101A,102.14,20.02,374.74,68.16,2.481,175.9,93.64,398.6,CLOSED,3.36,NOMINAL
2026-09-05 15:45:00,P-101A,101.96,19.8,376.65,68.27,2.306,173.5,93.46,398.7,CLOSED,3.39,NOMINAL
2026-09-05 15:50:00,P-101A,103.24,19.71,374.95,67.97,2.236,173.8,94.74,398.9,CLOSED,3.46,NOMINAL
2026-09-05 15:55:00,P-101A,103.3,20.25,378.9,67.97,2.239,175.3,94.8,398.3,CLOSED,3.31,NOMINAL
2026-09-05 16:00:00,P-101A,101.46,20.33,380.07,68.27,2.447,177.1,92.96,398.7,CLOSED,3.49,NOMINAL
2026-09-05 16:05:00,P-101A,102.68,19.25,375.97,67.97,2.406,178.0,94.18,398.2,CLOSED,3.35,NOMINAL
2026-09-05 16:10:00,P-101A,101.27,19.88,376.97,67.96,2.448,176.3,92.77,398.1,CLOSED,3.3,NOMINAL
2026-09-05 16:15:00,P-101A,101.67,19.71,381.14,67.69,2.292,177.3,93.17,397.5,CLOSED,3.44,NOMINAL
2026-09-05 16:20:00,P-101A,100.89,20.11,379.82,67.59,2.22,173.5,92.39,398.9,CLOSED,3.46,NOMINAL
2026-09-05 16:25:00,P-101A,102.08,19.64,379.14,68.06,2.265,175.3,93.58,398.9,CLOSED,3.37,NOMINAL
2026-09-05 16:30:00,P-101A,101.48,20.36,378.66,67.65,2.289,173.8,92.98,397.1,CLOSED,3.47,NOMINAL
2026-09-05 16:35:00,P-101A,102.6,19.98,375.94,68.04,2.325,177.3,94.1,397.3,CLOSED,3.38,NOMINAL
2026-09-05 16:40:00,P-101A,102.27,20.14,379.26,67.79,2.321,173.9,93.77,397.5,CLOSED,3.44,NOMINAL
2026-09-05 16:45:00,P-101A,101.32,20.17,375.5,67.6,2.293,174.1,92.82,397.8,CLOSED,3.37,NOMINAL
2026-09-05 16:50:00,P-101A,100.9,19.72,377.79,67.79,2.202,175.8,92.4,398.1,CLOSED,3.37,NOMINAL
2026-09-05 16:55:00,P-101A,102.23,20.16,376.89,67.73,2.221,177.2,93.73,397.2,CLOSED,3.43,NOMINAL
2026-09-05 17:00:00,P-101A,101.04,19.77,376.4,67.13,2.299,173.7,92.54,398.3,CLOSED,3.44,NOMINAL
2026-09-05 17:05:00,P-101A,101.85,19.81,381.05,67.44,2.356,178.5,93.35,397.3,CLOSED,3.46,NOMINAL
2026-09-05 17:10:00,P-101A,101.27,19.74,378.69,67.43,2.437,177.2,92.77,397.2,CLOSED,3.33,NOMINAL
2026-09-05 17:15:00,P-101A,102.42,19.76,374.81,67.44,2.451,176.1,93.92,397.3,CLOSED,3.47,NOMINAL
2026-09-05 17:20:00,P-101A,102.11,20.27,380.21,67.07,2.298,175.1,93.61,397.2,CLOSED,3.33,NOMINAL
2026-09-05 17:25:00,P-101A,102.93,20.13,375.25,67.52,2.434,174.2,94.43,398.0,CLOSED,3.32,NOMINAL
2026-09-05 17:30:00,P-101A,102.65,20.0,374.15,67.32,2.375,173.7,94.15,398.0,CLOSED,3.42,NOMINAL
2026-09-05 17:35:00,P-101A,101.44,20.32,377.57,67.54,2.252,176.5,92.94,398.8,CLOSED,3.32,NOMINAL
2026-09-05 17:40:00,P-101A,101.73,20.36,375.93,67.31,2.299,176.0,93.23,398.5,CLOSED,3.31,NOMINAL
2026-09-05 17:45:00,P-101A,103.72,19.23,375.72,67.33,2.367,176.3,95.22,397.6,CLOSED,3.36,NOMINAL
2026-09-05 17:50:00,P-101A,102.75,20.13,378.46,67.11,2.253,176.8,94.25,397.4,CLOSED,3.4,NOMINAL
2026-09-05 17:55:00,P-101A,103.72,20.19,377.64,67.02,2.5,174.5,95.22,398.6,CLOSED,3.37,NOMINAL
2026-09-05 18:00:00,P-101A,101.96,19.91,379.58,67.4,2.316,175.4,93.46,399.0,CLOSED,3.36,NOMINAL
2026-09-05 18:05:00,P-101A,104.46,19.26,376.97,67.4,2.431,177.5,95.96,398.0,CLOSED,3.33,NOMINAL
2026-09-05 18:10:00,P-101A,102.95,19.73,377.32,67.45,2.331,174.7,94.45,398.4,CLOSED,3.36,NOMINAL
2026-09-05 18:15:00,P-101A,104.31,19.57,374.77,67.01,2.487,173.9,95.81,397.4,CLOSED,3.42,NOMINAL
2026-09-05 18:20:00,P-101A,103.71,19.66,376.74,67.28,2.479,173.9,95.21,398.8,CLOSED,3.48,NOMINAL
2026-09-05 18:25:00,P-101A,104.52,20.22,379.63,67.1,2.257,178.3,96.02,397.7,CLOSED,3.33,NOMINAL
2026-09-05 18:30:00,P-101A,104.4,20.31,377.73,66.72,2.321,177.6,95.9,397.8,CLOSED,3.3,NOMINAL
2026-09-05 18:35:00,P-101A,104.46,20.35,379.69,67.18,2.239,173.6,95.96,398.5,CLOSED,3.37,NOMINAL
2026-09-05 18:40:00,P-101A,103.02,19.66,380.77,66.7,2.257,177.3,94.52,398.8,CLOSED,3.47,NOMINAL
2026-09-05 18:45:00,P-101A,104.58,20.34,375.44,67.34,2.34,175.8,96.08,398.5,CLOSED,3.34,NOMINAL
2026-09-05 18:50:00,P-101A,103.46,20.03,377.54,67.39,2.254,177.9,94.96,397.8,CLOSED,3.36,NOMINAL
2026-09-05 18:55:00,P-101A,104.9,20.15,375.93,66.91,2.42,174.2,96.4,398.5,CLOSED,3.36,NOMINAL
2026-09-05 19:00:00,P-101A,104.93,19.86,379.13,66.92,2.499,176.2,96.43,398.2,CLOSED,3.37,NOMINAL
2026-09-05 19:05:00,P-101A,105.15,19.89,375.44,67.13,2.253,174.2,96.65,397.6,CLOSED,3.41,NOMINAL
2026-09-05 19:10:00,P-101A,105.68,19.94,375.15,66.75,2.353,174.0,97.18,398.1,CLOSED,3.44,NOMINAL
2026-09-05 19:15:00,P-101A,104.78,20.02,377.59,67.13,2.21,174.4,96.28,397.3,CLOSED,3.46,NOMINAL
2026-09-05 19:20:00,P-101A,105.34,19.75,381.03,67.28,2.278,176.0,96.84,397.5,CLOSED,3.31,NOMINAL
2026-09-05 19:25:00,P-101A,105.57,20.01,375.53,66.87,2.287,174.9,97.07,399.0,CLOSED,3.39,NOMINAL
2026-09-05 19:30:00,P-101A,105.63,19.4,379.94,66.96,2.392,177.1,97.13,397.8,CLOSED,3.31,NOMINAL
2026-09-05 19:35:00,P-101A,105.27,20.02,378.85,67.15,2.419,177.6,96.77,398.1,CLOSED,3.43,NOMINAL
2026-09-05 19:40:00,P-101A,105.01,19.41,377.08,67.22,2.413,175.1,96.51,398.7,CLOSED,3.44,NOMINAL
2026-09-05 19:45:00,P-101A,105.73,19.42,375.06,67.24,2.285,174.3,97.23,398.0,CLOSED,3.31,NOMINAL
2026-09-05 19:50:00,P-101A,105.47,20.23,377.85,67.42,2.346,173.6,96.97,399.0,CLOSED,3.45,NOMINAL
2026-09-05 19:55:00,P-101A,105.1,19.55,375.03,67.28,2.212,178.1,96.6,398.3,CLOSED,3.41,NOMINAL
2026-09-05 20:00:00,P-101A,106.8,20.16,379.09,66.91,2.339,175.9,98.3,398.9,CLOSED,3.42,NOMINAL
2026-09-05 20:05:00,P-101A,105.7,19.29,376.38,67.41,2.358,176.5,97.2,397.9,CLOSED,3.39,NOMINAL
2026-09-05 20:10:00,P-101A,107.14,20.4,376.79,67.12,2.303,175.4,98.64,398.0,CLOSED,3.33,NOMINAL
2026-09-05 20:15:00,P-101A,106.92,19.78,381.86,67.27,2.249,174.1,98.42,397.1,CLOSED,3.49,NOMINAL
2026-09-05 20:20:00,P-101A,106.76,20.3,377.22,67.18,2.205,173.5,98.26,397.6,CLOSED,3.31,NOMINAL
2026-09-05 20:25:00,P-101A,107.84,20.27,374.68,67.69,2.457,177.5,99.34,399.0,CLOSED,3.47,NOMINAL
2026-09-05 20:30:00,P-101A,106.28,20.18,381.61,67.52,2.324,174.4,97.78,398.6,CLOSED,3.41,NOMINAL
2026-09-05 20:35:00,P-101A,106.38,20.36,375.14,67.43,2.379,175.2,97.88,398.5,CLOSED,3.4,NOMINAL
2026-09-05 20:40:00,P-101A,106.59,19.31,374.1,67.62,2.478,177.3,98.09,398.6,CLOSED,3.34,NOMINAL
2026-09-05 20:45:00,P-101A,106.28,20.36,374.58,67.67,2.208,177.8,97.78,398.1,CLOSED,3.48,NOMINAL
2026-09-05 20:50:00,P-101A,105.79,19.68,381.94,67.23,2.311,177.8,97.29,397.7,CLOSED,3.45,NOMINAL
2026-09-05 20:55:00,P-101A,106.64,19.85,381.52,67.59,2.237,178.0,98.14,397.1,CLOSED,3.33,NOMINAL
2026-09-05 21:00:00,P-101A,107.36,19.21,376.07,67.71,2.218,176.9,98.86,397.9,CLOSED,3.35,NOMINAL
2026-09-05 21:05:00,P-101A,106.17,20.38,379.36,67.53,2.366,173.8,97.67,397.6,CLOSED,3.38,NOMINAL
2026-09-05 21:10:00,P-101A,106.98,19.72,377.71,67.44,2.271,177.6,98.48,397.1,CLOSED,3.35,NOMINAL
2026-09-05 21:15:00,P-101A,105.91,19.96,378.57,67.5,2.374,174.6,97.41,397.2,CLOSED,3.34,NOMINAL
2026-09-05 21:20:00,P-101A,106.59,20.13,380.28,67.72,2.262,173.7,98.09,398.6,CLOSED,3.32,NOMINAL
2026-09-05 21:25:00,P-101A,108.16,19.41,380.93,67.88,2.204,176.8,99.66,397.5,CLOSED,3.47,NOMINAL
2026-09-05 21:30:00,P-101A,107.95,19.96,376.84,67.67,2.226,174.6,99.45,397.3,CLOSED,3.3,NOMINAL
2026-09-05 21:35:00,P-101A,105.85,20.3,380.63,67.98,2.422,177.4,97.35,398.6,CLOSED,3.5,NOMINAL
2026-09-05 21:40:00,P-101A,106.3,19.92,377.59,67.7,2.479,177.4,97.8,397.9,CLOSED,3.48,NOMINAL
2026-09-05 21:45:00,P-101A,107.75,19.68,375.3,68.29,2.48,175.8,99.25,397.9,CLOSED,3.35,NOMINAL
2026-09-05 21:50:00,P-101A,107.47,19.81,381.78,68.45,2.455,177.4,98.97,397.2,CLOSED,3.4,NOMINAL
2026-09-05 21:55:00,P-101A,107.57,19.32,378.3,67.93,2.491,176.9,99.07,398.6,CLOSED,3.4,NOMINAL
2026-09-05 22:00:00,P-101A,106.69,20.35,377.35,67.89,2.218,174.6,98.19,399.0,CLOSED,3.44,NOMINAL
2026-09-05 22:05:00,P-101A,106.02,19.37,381.81,67.86,2.254,177.3,97.52,398.4,CLOSED,3.3,NOMINAL
2026-09-05 22:10:00,P-101A,106.8,19.69,376.62,68.38,2.291,178.5,98.3,397.2,CLOSED,3.32,NOMINAL
2026-09-05 22:15:00,P-101A,105.94,19.85,377.37,68.38,2.216,178.4,97.44,397.3,CLOSED,3.48,NOMINAL
2026-09-05 22:20:00,P-101A,105.65,19.78,374.07,68.41,2.427,173.6,97.15,398.4,CLOSED,3.32,NOMINAL
2026-09-05 22:25:00,P-101A,107.12,19.58,380.58,68.7,2.283,176.7,98.62,397.4,CLOSED,3.4,NOMINAL
2026-09-05 22:30:00,P-101A,105.88,19.57,375.51,68.52,2.454,173.6,97.38,398.8,CLOSED,3.34,NOMINAL
2026-09-05 22:35:00,P-101A,107.11,20.22,380.24,68.93,2.468,173.9,98.61,399.0,CLOSED,3.43,NOMINAL
2026-09-05 22:40:00,P-101A,107.04,20.1,375.01,68.76,2.436,174.2,98.54,397.4,CLOSED,3.42,NOMINAL
2026-09-05 22:45:00,P-101A,105.83,19.83,381.75,68.41,2.393,177.9,97.33,399.0,CLOSED,3.34,NOMINAL
2026-09-05 22:50:00,P-101A,106.4,19.25,381.86,69.01,2.464,173.7,97.9,398.3,CLOSED,3.49,NOMINAL
2026-09-05 22:55:00,P-101A,105.61,19.92,381.97,68.57,2.347,175.7,97.11,397.2,CLOSED,3.42,NOMINAL
2026-09-05 23:00:00,P-101A,105.86,20.26,380.42,69.05,2.308,176.9,97.36,398.7,CLOSED,3.37,NOMINAL
2026-09-05 23:05:00,P-101A,105.31,19.93,379.5,68.81,2.38,176.4,96.81,397.6,CLOSED,3.37,NOMINAL
2026-09-05 23:10:00,P-101A,105.59,19.33,379.64,68.64,2.276,174.3,97.09,398.3,CLOSED,3.39,NOMINAL
2026-09-05 23:15:00,P-101A,103.94,19.87,381.16,69.24,2.376,178.3,95.44,399.0,CLOSED,3.35,NOMINAL
2026-09-05 23:20:00,P-101A,104.52,20.19,378.41,69.08,2.229,175.2,96.02,397.9,CLOSED,3.35,NOMINAL
2026-09-05 23:25:00,P-101A,103.99,19.59,377.18,68.89,2.456,178.5,95.49,398.2,CLOSED,3.4,NOMINAL
2026-09-05 23:30:00,P-101A,105.18,19.25,376.35,68.76,2.274,173.9,96.68,397.4,CLOSED,3.38,NOMINAL
2026-09-05 23:35:00,P-101A,103.85,19.96,381.47,69.02,2.27,176.8,95.35,398.7,CLOSED,3.47,NOMINAL
2026-09-05 23:40:00,P-101A,103.89,19.99,379.23,69.13,2.442,174.1,95.39,398.3,CLOSED,3.34,NOMINAL
2026-09-05 23:45:00,P-101A,104.89,20.18,377.25,68.97,2.362,176.2,96.39,397.0,CLOSED,3.37,NOMINAL
2026-09-05 23:50:00,P-101A,103.26,20.2,380.22,68.95,2.286,173.8,94.76,397.0,CLOSED,3.34,NOMINAL
2026-09-05 23:55:00,P-101A,103.65,19.54,381.82,69.4,2.237,174.7,95.15,397.4,CLOSED,3.31,NOMINAL
2026-09-06 00:00:00,P-101A,104.48,19.34,374.34,69.5,2.44,177.7,95.98,397.7,CLOSED,3.41,NOMINAL
2026-09-06 00:05:00,P-101A,103.68,19.89,381.79,69.37,2.292,177.2,95.18,397.9,CLOSED,3.45,NOMINAL
2026-09-06 00:10:00,P-101A,102.5,20.03,380.77,69.64,2.371,173.7,94.0,398.1,CLOSED,3.37,NOMINAL
2026-09-06 00:15:00,P-101A,103.16,19.87,376.52,69.56,2.335,176.5,94.66,398.9,CLOSED,3.45,NOMINAL
2026-09-06 00:20:00,P-101A,104.36,19.36,380.25,69.14,2.282,177.5,95.86,397.4,CLOSED,3.3,NOMINAL
2026-09-06 00:25:00,P-101A,103.33,20.28,375.73,69.06,2.43,175.9,94.83,397.3,CLOSED,3.4,NOMINAL
2026-09-06 00:30:00,P-101A,103.58,20.08,377.2,69.19,2.41,177.9,95.08,397.5,CLOSED,3.38,NOMINAL
2026-09-06 00:35:00,P-101A,102.46,19.65,379.32,69.39,2.434,176.6,93.96,398.4,CLOSED,3.33,NOMINAL
2026-09-06 00:40:00,P-101A,101.93,19.39,375.55,69.58,2.439,174.0,93.43,398.7,CLOSED,3.4,NOMINAL
2026-09-06 00:45:00,P-101A,102.03,20.3,379.89,69.52,2.44,177.8,93.53,398.6,CLOSED,3.37,NOMINAL
2026-09-06 00:50:00,P-101A,101.8,19.77,379.77,69.47,2.341,176.0,93.3,398.0,CLOSED,3.37,NOMINAL
2026-09-06 00:55:00,P-101A,103.36,19.38,376.77,69.36,2.28,177.1,94.86,398.0,CLOSED,3.42,NOMINAL
2026-09-06 01:00:00,P-101A,101.61,19.29,374.94,69.68,2.472,174.1,93.11,397.6,CLOSED,3.32,NOMINAL
2026-09-06 01:05:00,P-101A,103.37,19.32,374.85,69.1,2.437,177.6,94.87,398.0,CLOSED,3.5,NOMINAL
2026-09-06 01:10:00,P-101A,102.75,19.82,376.4,69.55,2.41,176.4,94.25,398.7,CLOSED,3.45,NOMINAL
2026-09-06 01:15:00,P-101A,103.42,20.36,375.59,69.79,2.31,175.6,94.92,398.4,CLOSED,3.49,NOMINAL
2026-09-06 01:20:00,P-101A,103.1,19.27,379.43,69.7,2.471,175.5,94.6,397.5,CLOSED,3.31,NOMINAL
2026-09-06 01:25:00,P-101A,101.03,20.14,381.68,69.28,2.349,176.7,92.53,398.9,CLOSED,3.3,NOMINAL
2026-09-06 01:30:00,P-101A,103.17,19.37,374.0,69.31,2.426,178.3,94.67,397.9,CLOSED,3.36,NOMINAL
2026-09-06 01:35:00,P-101A,100.9,20.06,377.14,69.61,2.323,176.7,92.4,399.0,CLOSED,3.5,NOMINAL
2026-09-06 01:40:00,P-101A,102.76,20.08,380.72,69.03,2.327,176.7,94.26,398.1,CLOSED,3.33,NOMINAL
2026-09-06 01:45:00,P-101A,102.19,19.96,380.65,69.22,2.496,175.3,93.69,397.8,CLOSED,3.34,NOMINAL
2026-09-06 01:50:00,P-101A,102.2,20.38,375.34,69.03,2.391,177.2,93.7,398.1,CLOSED,3.42,NOMINAL
2026-09-06 01:55:00,P-101A,102.18,20.1,378.18,69.55,2.265,174.9,93.68,397.6,CLOSED,3.34,NOMINAL
2026-09-06 02:00:00,P-101A,102.09,20.36,378.67,69.67,2.393,176.6,93.59,397.8,CLOSED,3.32,NOMINAL
2026-09-06 02:05:00,P-101A,102.22,20.31,381.24,69.11,2.418,177.8,93.72,397.7,CLOSED,3.33,NOMINAL
2026-09-06 02:10:00,P-101A,102.95,20.38,377.68,69.09,2.445,175.2,94.45,398.4,CLOSED,3.45,NOMINAL
2026-09-06 02:15:00,P-101A,102.6,19.4,376.93,69.46,2.413,174.9,94.1,397.0,CLOSED,3.38,NOMINAL
2026-09-06 02:20:00,P-101A,102.19,19.81,375.07,69.46,2.241,174.8,93.69,398.1,CLOSED,3.33,NOMINAL
2026-09-06 02:25:00,P-101A,101.53,20.07,381.93,68.96,2.435,176.8,93.03,398.5,CLOSED,3.49,NOMINAL
2026-09-06 02:30:00,P-101A,101.96,20.0,381.88,68.88,2.474,176.3,93.46,397.3,CLOSED,3.3,NOMINAL
2026-09-06 02:35:00,P-101A,101.31,19.42,380.2,69.26,2.418,176.1,92.81,398.8,CLOSED,3.38,NOMINAL
2026-09-06 02:40:00,P-101A,101.2,19.4,374.69,69.2,2.429,177.6,92.7,397.3,CLOSED,3.43,NOMINAL
2026-09-06 02:45:00,P-101A,102.97,20.06,379.04,69.08,2.309,174.0,94.47,398.1,CLOSED,3.45,NOMINAL
2026-09-06 02:50:00,P-101A,101.98,19.88,377.98,69.03,2.418,174.6,93.48,398.3,CLOSED,3.37,NOMINAL
2026-09-06 02:55:00,P-101A,101.49,19.88,379.1,68.59,2.401,175.6,92.99,398.6,CLOSED,3.41,NOMINAL
2026-09-06 03:00:00,P-101A,102.53,19.59,381.57,68.79,2.222,173.6,94.03,397.2,CLOSED,3.44,NOMINAL
2026-09-06 03:05:00,P-101A,103.31,19.21,378.99,69.08,2.48,176.4,94.81,397.0,CLOSED,3.43,NOMINAL
2026-09-06 03:10:00,P-101A,103.07,20.01,376.65,69.18,2.405,174.6,94.57,398.3,CLOSED,3.47,NOMINAL
2026-09-06 03:15:00,P-101A,102.61,19.41,378.65,68.43,2.376,174.4,94.11,397.5,CLOSED,3.48,NOMINAL
2026-09-06 03:20:00,P-101A,103.06,20.15,379.43,68.9,2.484,176.3,94.56,398.3,CLOSED,3.35,NOMINAL
2026-09-06 03:25:00,P-101A,102.86,19.6,379.23,69.04,2.489,177.9,94.36,397.0,CLOSED,3.3,NOMINAL
2026-09-06 03:30:00,P-101A,103.85,19.82,379.55,68.94,2.377,174.0,95.35,398.7,CLOSED,3.31,NOMINAL
2026-09-06 03:35:00,P-101A,103.31,19.95,377.05,68.48,2.46,177.4,94.81,398.0,CLOSED,3.32,NOMINAL
2026-09-06 03:40:00,P-101A,102.79,19.5,376.92,68.34,2.38,176.2,94.29,398.8,CLOSED,3.31,NOMINAL
2026-09-06 03:45:00,P-101A,103.44,19.84,375.07,68.14,2.352,174.3,94.94,398.9,CLOSED,3.42,NOMINAL
2026-09-06 03:50:00,P-101A,104.31,19.61,377.9,68.38,2.221,175.2,95.81,397.5,CLOSED,3.33,NOMINAL
2026-09-06 03:55:00,P-101A,103.2,20.26,378.03,68.14,2.436,176.9,94.7,397.1,CLOSED,3.31,NOMINAL
2026-09-06 04:00:00,P-101A,103.36,19.72,378.23,68.76,2.423,174.5,94.86,398.8,CLOSED,3.5,NOMINAL
2026-09-06 04:05:00,P-101A,103.31,19.26,376.4,68.39,2.467,176.4,94.81,398.7,CLOSED,3.37,NOMINAL
2026-09-06 04:10:00,P-101A,103.59,19.79,376.32,68.43,2.285,175.6,95.09,397.2,CLOSED,3.36,NOMINAL
2026-09-06 04:15:00,P-101A,104.01,19.65,375.54,68.58,2.349,173.7,95.51,397.3,CLOSED,3.36,NOMINAL
2026-09-06 04:20:00,P-101A,105.16,19.62,374.99,67.9,2.384,175.0,96.66,397.4,CLOSED,3.46,NOMINAL
2026-09-06 04:25:00,P-101A,104.48,20.23,376.83,68.19,2.389,175.8,95.98,398.6,CLOSED,3.41,NOMINAL
2026-09-06 04:30:00,P-101A,105.19,20.29,374.77,68.13,2.452,173.8,96.69,398.3,CLOSED,3.49,NOMINAL
2026-09-06 04:35:00,P-101A,105.1,20.32,381.44,68.34,2.254,177.9,96.6,398.8,CLOSED,3.38,NOMINAL
2026-09-06 04:40:00,P-101A,105.82,19.47,375.8,67.96,2.203,174.9,97.32,398.2,CLOSED,3.46,NOMINAL
2026-09-06 04:45:00,P-101A,105.54,19.78,379.31,67.94,2.478,175.9,97.04,397.7,CLOSED,3.41,NOMINAL
2026-09-06 04:50:00,P-101A,104.39,19.76,380.02,67.81,2.43,174.6,95.89,398.9,CLOSED,3.34,NOMINAL
2026-09-06 04:55:00,P-101A,106.46,19.31,375.39,68.11,2.424,178.4,97.96,398.3,CLOSED,3.43,NOMINAL
2026-09-06 05:00:00,P-101A,105.38,19.29,381.19,67.41,2.373,176.6,96.88,397.1,CLOSED,3.46,NOMINAL
2026-09-06 05:05:00,P-101A,104.89,19.68,376.04,67.35,2.303,174.8,96.39,397.5,CLOSED,3.36,NOMINAL
2026-09-06 05:10:00,P-101A,105.53,19.38,380.8,67.65,2.374,176.4,97.03,397.7,CLOSED,3.48,NOMINAL
2026-09-06 05:15:00,P-101A,106.88,19.9,380.14,67.46,2.406,174.7,98.38,397.2,CLOSED,3.38,NOMINAL
2026-09-06 05:20:00,P-101A,105.82,20.13,380.61,67.73,2.421,174.7,97.32,398.3,CLOSED,3.37,NOMINAL
2026-09-06 05:25:00,P-101A,105.19,19.61,376.25,67.81,2.356,174.4,96.69,397.7,CLOSED,3.31,NOMINAL
2026-09-06 05:30:00,P-101A,105.23,20.26,379.13,67.12,2.413,177.2,96.73,398.0,CLOSED,3.3,NOMINAL
2026-09-06 05:35:00,P-101A,107.24,19.97,376.58,67.63,2.453,178.2,98.74,398.9,CLOSED,3.34,NOMINAL
2026-09-06 05:40:00,P-101A,105.48,20.21,376.75,67.33,2.48,174.1,96.98,397.8,CLOSED,3.34,NOMINAL
2026-09-06 05:45:00,P-101A,106.99,20.13,376.11,67.25,2.349,175.4,98.49,397.6,CLOSED,3.37,NOMINAL
2026-09-06 05:50:00,P-101A,107.06,20.29,376.22,66.98,2.427,174.4,98.56,397.2,CLOSED,3.46,NOMINAL
2026-09-06 05:55:00,P-101A,106.47,19.27,378.64,67.6,2.49,175.3,97.97,398.4,CLOSED,3.37,NOMINAL
2026-09-06 06:00:00,P-101A,107.6,19.64,378.11,67.26,2.357,175.7,99.1,397.4,CLOSED,3.37,NOMINAL
2026-09-06 06:05:00,P-101A,105.92,19.96,377.83,66.95,2.406,174.4,97.42,398.1,CLOSED,3.4,NOMINAL
2026-09-06 06:10:00,P-101A,107.51,19.21,376.43,67.28,2.368,177.8,99.01,398.9,CLOSED,3.45,NOMINAL
2026-09-06 06:15:00,P-101A,106.39,19.63,379.74,67.33,2.208,176.0,97.89,398.7,CLOSED,3.31,NOMINAL
2026-09-06 06:20:00,P-101A,106.82,19.95,380.65,66.91,2.303,177.8,98.32,398.4,CLOSED,3.46,NOMINAL
2026-09-06 06:25:00,P-101A,106.98,19.92,374.03,66.78,2.428,175.3,98.48,398.9,CLOSED,3.36,NOMINAL
2026-09-06 06:30:00,P-101A,106.48,20.29,376.81,66.97,2.49,176.4,97.98,398.2,CLOSED,3.3,NOMINAL
2026-09-06 06:35:00,P-101A,107.25,19.57,374.07,67.5,2.402,175.1,98.75,399.0,CLOSED,3.3,NOMINAL
2026-09-06 06:40:00,P-101A,107.14,19.57,381.47,66.74,2.494,173.9,98.64,397.1,CLOSED,3.37,NOMINAL
2026-09-06 06:45:00,P-101A,107.53,20.3,380.84,67.15,2.485,177.3,99.03,398.6,CLOSED,3.47,NOMINAL
2026-09-06 06:50:00,P-101A,106.43,19.61,376.3,67.25,2.433,176.5,97.93,397.5,CLOSED,3.5,NOMINAL
2026-09-06 06:55:00,P-101A,105.95,19.4,380.5,66.99,2.318,174.2,97.45,397.4,CLOSED,3.37,NOMINAL
2026-09-06 07:00:00,P-101A,107.51,20.34,380.33,66.68,2.498,176.1,99.01,398.1,CLOSED,3.34,NOMINAL
2026-09-06 07:05:00,P-101A,106.09,20.13,377.68,66.94,2.303,174.3,97.59,397.0,CLOSED,3.39,NOMINAL
2026-09-06 07:10:00,P-101A,107.61,19.74,380.43,66.87,2.412,178.1,99.11,398.6,CLOSED,3.49,NOMINAL
2026-09-06 07:15:00,P-101A,107.15,19.37,374.98,67.29,2.244,174.2,98.65,397.3,CLOSED,3.42,NOMINAL
2026-09-06 07:20:00,P-101A,106.93,20.03,379.27,67.08,2.288,176.9,98.43,397.5,CLOSED,3.41,NOMINAL
2026-09-06 07:25:00,P-101A,106.02,19.49,380.2,66.92,2.44,175.9,97.52,399.0,CLOSED,3.44,NOMINAL
2026-09-06 07:30:00,P-101A,107.18,19.21,377.66,67.06,2.37,176.8,98.68,398.8,CLOSED,3.35,NOMINAL
2026-09-06 07:35:00,P-101A,105.7,20.3,375.58,66.66,2.283,176.2,97.2,398.0,CLOSED,3.3,NOMINAL
2026-09-06 07:40:00,P-101A,107.01,19.56,381.86,66.84,2.252,177.0,98.51,397.6,CLOSED,3.39,NOMINAL
2026-09-06 07:45:00,P-101A,105.38,19.44,379.0,67.11,2.305,174.5,96.88,397.4,CLOSED,3.32,NOMINAL
2026-09-06 07:50:00,P-101A,105.66,20.1,380.92,66.85,2.318,177.4,97.16,397.9,CLOSED,3.49,NOMINAL
2026-09-06 07:55:00,P-101A,106.97,19.55,377.14,67.28,2.251,174.3,98.47,397.3,CLOSED,3.36,NOMINAL
2026-09-06 08:00:00,P-101A,107.04,20.39,378.77,67.44,2.331,174.0,98.54,398.2,CLOSED,3.41,NOMINAL
2026-09-06 08:05:00,P-101A,106.69,19.66,376.17,67.32,2.376,175.3,98.19,397.7,CLOSED,3.38,NOMINAL
2026-09-06 08:10:00,P-101A,105.41,19.82,379.43,66.71,2.44,174.3,96.91,397.4,CLOSED,3.38,NOMINAL
2026-09-06 08:15:00,P-101A,106.49,19.94,380.08,66.85,2.282,177.0,97.99,397.2,CLOSED,3.42,NOMINAL
2026-09-06 08:20:00,P-101A,104.36,19.97,376.1,67.19,2.27,174.5,95.86,397.3,CLOSED,3.38,NOMINAL
2026-09-06 08:25:00,P-101A,106.11,19.4,375.91,67.11,2.358,175.4,97.61,397.9,CLOSED,3.34,NOMINAL
2026-09-06 08:30:00,P-101A,104.62,19.66,378.18,67.39,2.276,177.9,96.12,397.8,CLOSED,3.39,NOMINAL
2026-09-06 08:35:00,P-101A,104.0,20.13,377.04,67.03,2.431,175.5,95.5,398.2,CLOSED,3.46,NOMINAL
2026-09-06 08:40:00,P-101A,104.43,19.6,375.72,67.44,2.292,174.2,95.93,397.3,CLOSED,3.39,NOMINAL
2026-09-06 08:45:00,P-101A,104.52,19.62,376.98,67.42,2.253,174.6,96.02,398.1,CLOSED,3.32,NOMINAL
2026-09-06 08:50:00,P-101A,103.99,20.0,379.0,67.52,2.498,176.8,95.49,397.3,CLOSED,3.35,NOMINAL
2026-09-06 08:55:00,P-101A,103.52,19.37,374.05,67.36,2.254,175.3,95.02,397.0,CLOSED,3.33,NOMINAL
2026-09-06 09:00:00,P-101A,105.02,20.0,374.72,66.99,2.475,174.1,96.52,398.5,CLOSED,3.4,NOMINAL
2026-09-06 09:05:00,P-101A,103.91,19.49,380.01,67.52,2.2,176.8,95.41,398.4,CLOSED,3.38,NOMINAL
2026-09-06 09:10:00,P-101A,104.69,19.46,378.92,67.54,2.272,173.5,96.19,398.9,CLOSED,3.48,NOMINAL
2026-09-06 09:15:00,P-101A,104.71,19.35,377.86,67.55,2.251,176.4,96.21,398.8,CLOSED,3.34,NOMINAL
2026-09-06 09:20:00,P-101A,105.09,19.72,378.78,67.28,2.252,177.5,96.59,397.1,CLOSED,3.48,NOMINAL
2026-09-06 09:25:00,P-101A,104.37,19.75,376.41,67.35,2.347,173.9,95.87,397.1,CLOSED,3.46,NOMINAL
2026-09-06 09:30:00,P-101A,103.96,19.51,377.21,67.82,2.363,174.6,95.46,397.8,CLOSED,3.35,NOMINAL
2026-09-06 09:35:00,P-101A,102.81,19.74,378.46,67.26,2.242,174.6,94.31,397.8,CLOSED,3.36,NOMINAL
2026-09-06 09:40:00,P-101A,102.67,19.49,374.98,67.47,2.442,174.0,94.17,398.6,CLOSED,3.47,NOMINAL
2026-09-06 09:45:00,P-101A,103.55,20.34,379.73,67.47,2.342,175.2,95.05,398.7,CLOSED,3.3,NOMINAL
2026-09-06 09:50:00,P-101A,103.12,19.38,377.1,67.89,2.277,177.3,94.62,398.4,CLOSED,3.36,NOMINAL
2026-09-06 09:55:00,P-101A,102.55,20.09,377.45,68.02,2.409,177.5,94.05,397.2,CLOSED,3.35,NOMINAL
2026-09-06 10:00:00,P-101A,103.11,19.88,377.41,67.54,2.335,175.6,94.61,398.8,CLOSED,3.47,NOMINAL
2026-09-06 10:05:00,P-101A,103.73,19.48,376.84,68.13,2.204,175.6,95.23,398.1,CLOSED,3.31,NOMINAL
2026-09-06 10:10:00,P-101A,102.23,19.25,380.64,67.71,2.476,177.5,93.73,398.0,CLOSED,3.4,NOMINAL
2026-09-06 10:15:00,P-101A,103.12,19.56,377.82,68.33,2.418,175.5,94.62,398.3,CLOSED,3.36,NOMINAL
2026-09-06 10:20:00,P-101A,103.67,20.28,379.51,68.13,2.245,175.6,95.17,397.0,CLOSED,3.36,NOMINAL
2026-09-06 10:25:00,P-101A,103.26,19.59,379.11,68.01,2.311,177.0,94.76,397.6,CLOSED,3.37,NOMINAL
2026-09-06 10:30:00,P-101A,103.33,19.46,378.96,68.47,2.398,175.4,94.83,398.2,CLOSED,3.41,NOMINAL
2026-09-06 10:35:00,P-101A,103.02,19.87,378.42,68.02,2.426,173.5,94.52,397.2,CLOSED,3.3,NOMINAL
2026-09-06 10:40:00,P-101A,101.29,20.19,380.97,67.95,2.303,177.0,92.79,397.2,CLOSED,3.45,NOMINAL
2026-09-06 10:45:00,P-101A,102.79,19.48,380.91,67.94,2.382,178.4,94.29,398.7,CLOSED,3.45,NOMINAL
2026-09-06 10:50:00,P-101A,101.21,19.32,376.08,68.08,2.341,177.1,92.71,398.7,CLOSED,3.4,NOMINAL
2026-09-06 10:55:00,P-101A,102.36,20.18,375.19,68.81,2.307,176.0,93.86,397.3,CLOSED,3.3,NOMINAL
2026-09-06 11:00:00,P-101A,103.0,19.85,377.93,68.12,2.432,175.4,94.5,397.0,CLOSED,3.42,NOMINAL
2026-09-06 11:05:00,P-101A,101.5,19.98,374.64,68.87,2.497,178.5,93.0,398.9,CLOSED,3.48,NOMINAL
2026-09-06 11:10:00,P-101A,103.16,19.87,378.92,68.63,2.452,177.9,94.66,397.9,CLOSED,3.39,NOMINAL
2026-09-06 11:15:00,P-101A,103.18,19.37,381.81,68.26,2.384,176.5,94.68,398.9,CLOSED,3.5,NOMINAL
2026-09-06 11:20:00,P-101A,101.43,20.13,380.21,68.65,2.375,175.2,92.93,397.2,CLOSED,3.48,NOMINAL
2026-09-06 11:25:00,P-101A,101.16,20.29,377.62,68.71,2.395,174.9,92.66,397.0,CLOSED,3.46,NOMINAL
2026-09-06 11:30:00,P-101A,102.23,19.96,381.9,68.85,2.282,176.3,93.73,397.7,CLOSED,3.44,NOMINAL
2026-09-06 11:35:00,P-101A,102.46,19.99,378.54,68.7,2.265,173.8,93.96,398.9,CLOSED,3.45,NOMINAL
2026-09-06 11:40:00,P-101A,101.4,19.65,381.76,68.99,2.411,175.9,92.9,397.9,CLOSED,3.46,NOMINAL
2026-09-06 11:45:00,P-101A,102.42,19.63,378.09,69.08,2.222,178.2,93.92,398.2,CLOSED,3.47,NOMINAL
2026-09-06 11:50:00,P-101A,103.21,20.08,379.48,69.17,2.49,176.3,94.71,397.4,CLOSED,3.32,NOMINAL
2026-09-06 11:55:00,P-101A,102.17,19.33,380.62,68.84,2.237,174.6,93.67,398.7,CLOSED,3.36,NOMINAL
2026-09-06 12:00:00,P-101A,103.38,20.24,379.98,68.91,2.327,175.8,94.88,398.5,CLOSED,3.42,NOMINAL
2026-09-06 12:05:00,P-101A,102.35,19.98,373.88,69.0,2.46,175.7,93.83,397.2,CLOSED,3.3,NOMINAL
2026-09-06 12:10:00,P-101A,102.89,20.28,377.86,69.61,2.353,178.9,94.32,398.2,CLOSED,3.38,NOMINAL
2026-09-06 12:15:00,P-101A,102.54,19.59,376.13,69.58,2.387,178.3,93.9,397.6,CLOSED,3.42,NOMINAL
2026-09-06 12:20:00,P-101A,103.77,20.22,369.49,70.43,2.541,181.2,95.03,397.7,CLOSED,3.47,NOMINAL
2026-09-06 12:25:00,P-101A,104.84,19.46,366.15,70.22,2.517,178.3,95.98,397.7,CLOSED,3.38,NOMINAL
2026-09-06 12:30:00,P-101A,105.79,20.28,366.21,70.55,2.584,180.1,96.79,398.8,CLOSED,3.48,NOMINAL
2026-09-06 12:35:00,P-101A,107.52,19.49,362.74,71.08,2.773,183.8,98.35,397.1,CLOSED,3.44,NOMINAL
2026-09-06 12:40:00,P-101A,108.32,19.28,367.39,71.44,2.698,181.7,98.97,398.5,CLOSED,3.5,NOMINAL
2026-09-06 12:45:00,P-101A,111.07,19.62,359.55,72.16,2.615,182.0,101.52,397.3,CLOSED,3.38,NOMINAL
2026-09-06 12:50:00,P-101A,112.43,19.74,364.81,72.1,2.67,185.9,102.67,398.1,CLOSED,3.31,NOMINAL
2026-09-06 12:55:00,P-101A,112.93,19.22,358.04,72.81,2.718,183.7,102.93,397.4,CLOSED,3.33,NOMINAL
2026-09-06 13:00:00,P-101A,114.84,19.77,356.16,73.02,2.977,185.8,104.58,398.3,CLOSED,3.41,NOMINAL
2026-09-06 13:05:00,P-101A,118.03,20.12,353.99,72.87,2.815,183.8,107.51,397.9,CLOSED,3.41,NOMINAL
2026-09-06 13:10:00,P-101A,119.53,19.42,352.22,73.33,3.027,187.1,108.72,398.8,CLOSED,3.38,NOMINAL
2026-09-06 13:15:00,P-101A,120.9,19.59,351.45,73.71,3.142,187.8,109.78,398.2,CLOSED,3.43,NOMINAL
2026-09-06 13:20:00,P-101A,124.45,19.86,354.62,74.15,3.037,188.5,113.01,397.5,CLOSED,3.38,NOMINAL
2026-09-06 13:25:00,P-101A,125.19,20.06,346.38,74.39,3.0,187.8,113.41,397.9,CLOSED,3.36,NOMINAL
2026-09-06 13:30:00,P-101A,128.21,19.73,345.5,74.32,3.047,188.8,116.07,397.3,CLOSED,3.47,NOMINAL
2026-09-06 13:35:00,P-101A,131.17,20.3,344.57,75.06,3.262,190.9,118.66,397.1,CLOSED,3.31,NOMINAL
2026-09-06 13:40:00,P-101A,133.21,19.3,346.65,75.02,3.337,193.2,120.31,397.6,CLOSED,3.43,NOMINAL
2026-09-06 13:45:00,P-101A,135.45,19.43,341.78,75.43,3.366,193.4,122.15,397.6,CLOSED,3.5,NOMINAL
2026-09-06 13:50:00,P-101A,140.45,19.26,344.51,75.75,3.278,191.5,126.73,397.5,CLOSED,3.39,WARNING_HIGH_PRESSURE
2026-09-06 13:55:00,P-101A,143.37,20.25,343.43,76.25,3.521,191.4,129.22,398.3,CLOSED,3.42,WARNING_HIGH_PRESSURE
2026-09-06 14:00:00,P-101A,146.24,19.27,335.03,76.33,3.507,193.0,131.63,397.6,CLOSED,3.36,WARNING_HIGH_PRESSURE
2026-09-06 14:05:00,P-101A,149.48,19.8,335.54,76.36,3.459,195.9,134.41,397.7,CLOSED,3.47,WARNING_HIGH_PRESSURE
2026-09-06 14:10:00,P-101A,151.48,19.28,331.68,76.84,3.433,195.5,135.93,397.0,CLOSED,3.46,WARNING_HIGH_PRESSURE
2026-09-06 14:15:00,P-101A,155.23,19.26,334.58,77.42,3.625,198.5,139.19,398.3,CLOSED,3.42,WARNING_HIGH_PRESSURE
2026-09-06 14:20:00,P-101A,160.03,19.49,330.12,77.62,3.56,198.3,143.47,397.4,CLOSED,3.32,WARNING_HIGH_PRESSURE
2026-09-06 14:25:00,P-101A,163.98,19.4,331.54,77.81,3.608,198.1,146.9,397.3,CLOSED,3.31,WARNING_HIGH_PRESSURE
2026-09-06 14:30:00,P-101A,166.16,20.09,327.61,77.8,3.649,200.3,148.54,398.9,CLOSED,3.35,WARNING_HIGH_PRESSURE
2026-09-06 14:35:00,P-101A,170.72,19.41,322.59,77.85,3.885,201.7,152.55,398.1,CLOSED,3.42,WARNING_HIGH_PRESSURE
2026-09-06 14:40:00,P-101A,174.8,19.8,325.01,78.67,3.702,202.8,156.06,398.2,CLOSED,3.41,WARNING_HIGH_PRESSURE
2026-09-06 14:45:00,P-101A,177.69,19.94,324.66,78.48,3.907,199.1,158.37,397.0,CLOSED,3.4,WARNING_HIGH_PRESSURE
2026-09-06 14:50:00,P-101A,181.28,20.07,320.89,79.08,3.942,200.6,161.35,397.1,CLOSED,3.37,WARNING_HIGH_PRESSURE
2026-09-06 14:55:00,P-101A,185.9,19.43,322.03,78.94,4.006,203.8,165.36,398.2,CLOSED,3.35,WARNING_HIGH_PRESSURE
2026-09-06 15:00:00,P-101A,190.68,19.55,314.0,79.71,4.086,204.5,169.52,398.6,CLOSED,3.33,WARNING_HIGH_PRESSURE
2026-09-06 15:05:00,P-101A,195.13,19.7,313.88,79.99,3.925,203.7,173.32,398.4,CLOSED,3.37,WARNING_HIGH_PRESSURE
2026-09-06 15:10:00,P-101A,199.51,19.8,312.01,79.97,3.948,203.0,177.05,398.0,CLOSED,3.38,WARNING_HIGH_PRESSURE
2026-09-06 15:15:00,P-101A,202.97,19.59,316.72,79.81,4.191,207.7,179.84,397.4,CLOSED,3.34,WARNING_HIGH_PRESSURE
2026-09-06 15:20:00,P-101A,209.29,19.62,312.81,80.7,4.17,208.7,185.49,399.0,CLOSED,3.31,WARNING_HIGH_PRESSURE
2026-09-06 15:25:00,P-101A,213.14,19.46,311.78,80.37,4.133,208.6,188.63,397.3,CLOSED,3.48,WARNING_HIGH_PRESSURE
2026-09-06 15:30:00,P-101A,218.65,19.61,309.7,81.21,4.201,209.5,193.44,399.0,CLOSED,3.48,WARNING_HIGH_PRESSURE
2026-09-06 15:35:00,P-101A,223.73,19.27,303.62,81.07,4.444,207.7,197.79,398.8,CLOSED,3.44,WARNING_HIGH_PRESSURE
2026-09-06 15:40:00,P-101A,227.29,19.62,303.92,81.49,4.42,211.1,200.61,398.3,CLOSED,3.33,WARNING_HIGH_PRESSURE
2026-09-06 15:45:00,P-101A,233.99,20.19,300.57,81.58,4.519,212.7,206.57,398.1,CLOSED,3.34,WARNING_HIGH_PRESSURE
2026-09-06 15:50:00,P-101A,237.85,19.65,303.76,82.17,4.369,212.7,209.66,398.4,CLOSED,3.44,WARNING_HIGH_PRESSURE
2026-09-06 15:55:00,P-101A,242.68,19.84,300.88,82.31,4.612,210.9,213.71,397.3,CLOSED,3.37,WARNING_HIGH_PRESSURE
2026-09-06 16:00:00,P-101A,248.92,19.75,301.21,82.76,4.63,215.4,219.17,399.0,CLOSED,3.48,WARNING_HIGH_PRESSURE
2026-09-06 16:05:00,P-101A,253.2,20.27,297.84,82.57,4.672,214.3,222.64,398.6,CLOSED,3.38,WARNING_HIGH_PRESSURE
2026-09-06 16:10:00,P-101A,258.3,19.36,291.6,82.75,4.625,214.5,226.92,398.8,CLOSED,3.49,WARNING_HIGH_PRESSURE
2026-09-06 16:15:00,P-101A,264.75,20.37,295.77,83.22,4.701,214.2,232.55,397.4,CLOSED,3.3,WARNING_HIGH_PRESSURE
2026-09-06 16:20:00,P-101A,271.27,19.2,294.14,83.18,4.839,217.1,238.23,397.3,CLOSED,3.33,WARNING_HIGH_PRESSURE
2026-09-06 16:25:00,P-101A,275.91,20.06,289.82,83.26,4.643,219.4,242.0,398.3,CLOSED,3.37,WARNING_HIGH_PRESSURE
2026-09-06 16:30:00,P-101A,281.7,20.1,291.32,83.64,4.784,216.8,246.93,397.2,CLOSED,3.37,WARNING_HIGH_PRESSURE
2026-09-06 16:35:00,P-101A,287.18,20.16,285.61,84.32,4.703,216.8,251.52,397.2,CLOSED,3.36,WARNING_HIGH_PRESSURE
2026-09-06 16:40:00,P-101A,293.64,20.33,288.56,83.96,4.924,218.1,257.09,397.5,CLOSED,3.34,WARNING_HIGH_PRESSURE
2026-09-06 16:45:00,P-101A,299.56,19.54,279.66,84.17,4.941,222.1,262.1,398.3,CLOSED,3.35,WARNING_HIGH_PRESSURE
2026-09-06 16:50:00,P-101A,306.87,20.24,280.9,84.52,4.888,218.9,268.49,397.1,CLOSED,3.45,WARNING_HIGH_PRESSURE
2026-09-06 16:55:00,P-101A,311.97,19.41,280.2,84.9,5.055,219.8,272.65,397.7,CLOSED,3.46,WARNING_HIGH_PRESSURE
2026-09-06 17:00:00,P-101A,317.53,20.08,281.53,85.18,4.984,220.5,277.27,398.6,CLOSED,3.46,WARNING_HIGH_PRESSURE
2026-09-06 17:05:00,P-101A,323.74,19.48,274.56,85.62,5.191,222.2,282.52,397.6,CLOSED,3.46,WARNING_HIGH_PRESSURE
2026-09-06 17:10:00,P-101A,330.56,19.88,271.67,85.75,5.147,222.0,288.37,397.9,CLOSED,3.37,WARNING_HIGH_PRESSURE
2026-09-06 17:15:00,P-101A,338.25,19.52,269.74,85.63,5.209,225.8,295.08,398.0,CLOSED,3.5,WARNING_HIGH_PRESSURE
2026-09-06 17:20:00,P-101A,344.51,20.29,268.19,86.42,5.348,224.0,300.34,398.2,CLOSED,3.33,WARNING_HIGH_PRESSURE
2026-09-06 17:25:00,P-101A,351.58,19.84,265.7,86.51,5.157,226.3,306.4,398.5,CLOSED,3.37,WARNING_HIGH_PRESSURE
2026-09-06 17:30:00,P-101A,357.12,19.56,268.95,86.95,5.464,226.5,310.92,398.9,CLOSED,3.31,WARNING_HIGH_PRESSURE
2026-09-06 17:35:00,P-101A,365.14,20.18,270.07,86.77,5.385,228.9,317.9,398.9,CLOSED,3.36,WARNING_HIGH_PRESSURE
2026-09-06 17:40:00,P-101A,370.49,20.28,267.07,86.87,5.421,229.8,322.21,397.1,CLOSED,3.31,WARNING_HIGH_PRESSURE
2026-09-06 17:45:00,P-101A,377.5,20.12,263.37,87.21,5.439,231.6,328.16,398.0,CLOSED,3.46,WARNING_HIGH_PRESSURE
2026-09-06 17:50:00,P-101A,385.82,20.0,260.65,87.36,5.596,231.6,335.4,397.5,CLOSED,3.45,WARNING_HIGH_PRESSURE
2026-09-06 17:55:00,P-101A,391.65,19.92,261.46,87.56,5.664,229.0,340.15,398.8,CLOSED,3.37,WARNING_HIGH_PRESSURE
2026-09-06 18:00:00,P-101A,399.31,20.08,257.49,87.98,5.6,230.3,346.71,397.5,CLOSED,3.3,WARNING_HIGH_PRESSURE
2026-09-06 18:05:00,P-101A,406.5,20.27,252.77,88.52,5.528,232.7,352.79,398.6,CLOSED,3.31,WARNING_HIGH_PRESSURE
2026-09-06 18:10:00,P-101A,413.28,20.05,257.41,88.52,5.611,231.4,358.45,397.7,CLOSED,3.35,WARNING_HIGH_PRESSURE
2026-09-06 18:15:00,P-101A,421.21,20.1,252.82,89.12,5.787,232.1,365.25,398.9,CLOSED,3.44,WARNING_HIGH_PRESSURE
2026-09-06 18:20:00,P-101A,429.1,19.85,253.59,89.36,5.738,235.5,372.0,397.4,CLOSED,3.45,WARNING_HIGH_PRESSURE
2026-09-06 18:25:00,P-101A,436.24,20.01,249.51,89.52,5.727,235.3,377.97,398.4,CLOSED,3.48,WARNING_HIGH_PRESSURE
2026-09-06 18:30:00,P-101A,444.92,19.38,248.32,89.94,5.915,238.8,385.49,398.3,CLOSED,3.44,WARNING_HIGH_PRESSURE
2026-09-06 18:35:00,P-101A,450.58,20.32,242.52,89.88,5.779,239.4,389.96,397.2,TRIP_INTERLOCK_PENDING,3.44,CRITICAL_OVERPRESSURE_TRIP
2026-09-06 18:40:00,P-101A,459.07,20.01,242.92,89.96,5.889,235.6,397.26,398.8,TRIP_INTERLOCK_PENDING,3.42,CRITICAL_OVERPRESSURE_TRIP
2026-09-06 18:45:00,P-101A,468.17,19.38,242.1,90.62,5.986,238.6,405.16,397.2,TRIP_INTERLOCK_PENDING,3.33,CRITICAL_OVERPRESSURE_TRIP
2026-09-06 18:50:00,P-101A,476.34,19.83,237.96,90.26,6.027,237.3,412.11,398.0,TRIP_INTERLOCK_PENDING,3.43,CRITICAL_OVERPRESSURE_TRIP
2026-09-06 18:55:00,P-101A,483.76,19.68,240.98,90.78,6.254,241.3,418.3,398.9,TRIP_INTERLOCK_PENDING,3.48,CRITICAL_OVERPRESSURE_TRIP
2026-09-06 19:00:00,P-101A,490.39,19.87,237.7,90.91,6.028,241.2,423.69,397.8,TRIP_INTERLOCK_PENDING,3.34,CRITICAL_OVERPRESSURE_TRIP
2026-09-06 19:05:00,P-101A,164.66,20.01,379.89,75.8,3.004,137.6,158.66,398.6,VENTING_TO_FLARE,3.42,POST_RELIEF_STABILIZING
2026-09-06 19:10:00,P-101A,158.97,20.01,377.43,74.7,2.916,135.4,152.97,399.0,VENTING_TO_FLARE,3.36,POST_RELIEF_STABILIZING
2026-09-06 19:15:00,P-101A,154.59,19.71,380.46,73.68,2.835,133.4,148.59,397.7,VENTING_TO_FLARE,3.39,POST_RELIEF_STABILIZING
2026-09-06 19:20:00,P-101A,148.93,19.5,374.11,72.75,2.76,131.5,142.93,397.7,VENTING_TO_FLARE,3.43,POST_RELIEF_STABILIZING
2026-09-06 19:25:00,P-101A,144.67,19.93,380.51,71.89,2.691,129.8,138.67,398.5,VENTING_TO_FLARE,3.47,POST_RELIEF_STABILIZING
2026-09-06 19:30:00,P-101A,139.96,19.44,374.98,71.1,2.628,128.2,133.96,397.7,VENTING_TO_FLARE,3.44,POST_RELIEF_STABILIZING
2026-09-06 19:35:00,P-101A,137.03,19.28,380.23,70.37,2.57,126.7,131.03,398.8,VENTING_TO_FLARE,3.43,POST_RELIEF_STABILIZING
2026-09-06 19:40:00,P-101A,133.1,19.3,375.92,69.7,2.516,125.4,127.1,398.4,VENTING_TO_FLARE,3.45,POST_RELIEF_STABILIZING
2026-09-06 19:45:00,P-101A,130.09,20.14,378.21,69.09,2.467,124.2,124.09,398.6,VENTING_TO_FLARE,3.41,POST_RELIEF_STABILIZING
2026-09-06 19:50:00,P-101A,126.7,20.37,375.07,68.52,2.422,123.0,120.7,398.3,VENTING_TO_FLARE,3.4,POST_RELIEF_STABILIZING
2026-09-06 19:55:00,P-101A,124.08,19.61,381.08,68.0,2.38,122.0,118.08,398.0,VENTING_TO_FLARE,3.34,POST_RELIEF_STABILIZING
2026-09-06 20:00:00,P-101A,121.89,20.34,377.68,67.52,2.341,121.0,115.89,397.7,VENTING_TO_FLARE,3.34,POST_RELIEF_STABILIZING
2026-09-06 20:05:00,P-101A,119.55,19.2,375.64,67.08,2.306,120.2,113.55,397.2,VENTING_TO_FLARE,3.3,POST_RELIEF_STABILIZING
2026-09-06 20:10:00,P-101A,117.09,19.73,378.85,66.67,2.274,119.3,111.09,398.0,VENTING_TO_FLARE,3.4,POST_RELIEF_STABILIZING
2026-09-06 20:15:00,P-101A,113.96,20.27,376.44,66.3,2.244,118.6,107.96,398.4,VENTING_TO_FLARE,3.47,POST_RELIEF_STABILIZING
2026-09-06 20:20:00,P-101A,112.18,19.8,377.52,65.95,2.216,117.9,106.18,398.4,VENTING_TO_FLARE,3.41,POST_RELIEF_STABILIZING
2026-09-06 20:25:00,P-101A,111.91,20.01,379.63,65.64,2.191,117.3,105.91,398.5,VENTING_TO_FLARE,3.45,POST_RELIEF_STABILIZING
2026-09-06 20:30:00,P-101A,109.96,19.69,381.09,65.35,2.168,116.7,103.96,398.1,VENTING_TO_FLARE,3.39,POST_RELIEF_STABILIZING
2026-09-06 20:35:00,P-101A,107.86,20.24,374.56,65.08,2.146,116.2,101.86,398.3,VENTING_TO_FLARE,3.35,POST_RELIEF_STABILIZING
2026-09-06 20:40:00,P-101A,107.7,19.31,375.18,64.83,2.127,115.7,101.7,398.6,VENTING_TO_FLARE,3.46,POST_RELIEF_STABILIZING
2026-09-06 20:45:00,P-101A,106.54,20.24,375.29,64.61,2.109,115.2,100.54,398.9,VENTING_TO_FLARE,3.39,POST_RELIEF_STABILIZING
2026-09-06 20:50:00,P-101A,105.08,19.36,380.35,64.4,2.092,114.8,99.08,398.2,VENTING_TO_FLARE,3.35,POST_RELIEF_STABILIZING
2026-09-06 20:55:00,P-101A,102.89,19.56,375.01,64.21,2.077,114.4,96.89,398.6,VENTING_TO_FLARE,3.36,POST_RELIEF_STABILIZING
2026-09-06 21:00:00,P-101A,102.99,20.11,380.66,64.03,2.062,114.1,96.99,397.5,VENTING_TO_FLARE,3.42,POST_RELIEF_STABILIZING
2026-09-06 21:05:00,P-101A,101.35,19.71,374.94,63.87,2.049,113.7,95.35,398.3,VENTING_TO_FLARE,3.36,POST_RELIEF_STABILIZING
2026-09-06 21:10:00,P-101A,100.95,20.03,377.96,63.72,2.037,113.4,94.95,397.4,VENTING_TO_FLARE,3.38,POST_RELIEF_STABILIZING
2026-09-06 21:15:00,P-101A,100.69,19.5,379.85,63.58,2.026,113.2,94.69,397.0,VENTING_TO_FLARE,3.31,POST_RELIEF_STABILIZING
2026-09-06 21:20:00,P-101A,99.27,20.18,377.35,63.45,2.016,112.9,93.27,399.0,VENTING_TO_FLARE,3.43,POST_RELIEF_STABILIZING
2026-09-06 21:25:00,P-101A,98.49,20.29,378.42,63.34,2.007,112.7,92.49,399.0,VENTING_TO_FLARE,3.49,POST_RELIEF_STABILIZING
2026-09-06 21:30:00,P-101A,99.02,20.24,377.83,63.23,1.999,112.5,93.02,397.5,VENTING_TO_FLARE,3.43,POST_RELIEF_STABILIZING
2026-09-06 21:35:00,P-101A,97.6,19.5,381.5,63.13,1.991,112.3,91.6,398.8,VENTING_TO_FLARE,3.39,POST_RELIEF_STABILIZING
2026-09-06 21:40:00,P-101A,97.22,19.45,381.92,63.04,1.983,112.1,91.22,397.4,VENTING_TO_FLARE,3.43,POST_RELIEF_STABILIZING
2026-09-06 21:45:00,P-101A,97.94,19.83,374.26,62.96,1.977,111.9,91.94,398.0,VENTING_TO_FLARE,3.35,POST_RELIEF_STABILIZING
2026-09-06 21:50:00,P-101A,97.27,19.81,377.09,62.88,1.971,111.8,91.27,397.5,VENTING_TO_FLARE,3.48,POST_RELIEF_STABILIZING
2026-09-06 21:55:00,P-101A,96.29,19.51,375.79,62.81,1.965,111.6,90.29,397.6,VENTING_TO_FLARE,3.38,POST_RELIEF_STABILIZING
2026-09-06 22:00:00,P-101A,96.96,19.34,378.39,62.75,1.96,111.5,90.96,397.3,VENTING_TO_FLARE,3.37,POST_RELIEF_STABILIZING
2026-09-06 22:05:00,P-101A,94.85,20.36,380.82,62.69,1.955,111.4,88.85,397.9,VENTING_TO_FLARE,3.43,POST_RELIEF_STABILIZING
2026-09-06 22:10:00,P-101A,95.94,19.51,376.93,62.63,1.951,111.3,89.94,398.8,VENTING_TO_FLARE,3.36,POST_RELIEF_STABILIZING
2026-09-06 22:15:00,P-101A,95.07,19.37,375.94,62.58,1.947,111.2,89.07,397.6,VENTING_TO_FLARE,3.4,POST_RELIEF_STABILIZING
2026-09-06 22:20:00,P-101A,94.75,19.84,375.06,62.54,1.943,111.1,88.75,398.2,VENTING_TO_FLARE,3.49,POST_RELIEF_STABILIZING
2026-09-06 22:25:00,P-101A,93.64,20.21,380.86,62.49,1.939,111.0,87.64,398.3,VENTING_TO_FLARE,3.39,POST_RELIEF_STABILIZING
2026-09-06 22:30:00,P-101A,93.6,19.29,374.4,62.45,1.936,110.9,87.6,397.4,VENTING_TO_FLARE,3.45,POST_RELIEF_STABILIZING
2026-09-06 22:35:00,P-101A,94.45,19.89,379.1,62.42,1.933,110.8,88.45,397.1,VENTING_TO_FLARE,3.37,POST_RELIEF_STABILIZING
2026-09-06 22:40:00,P-101A,94.73,19.98,374.95,62.38,1.931,110.8,88.73,398.8,VENTING_TO_FLARE,3.45,POST_RELIEF_STABILIZING
2026-09-06 22:45:00,P-101A,93.26,19.57,379.75,62.35,1.928,110.7,87.26,398.1,VENTING_TO_FLARE,3.48,POST_RELIEF_STABILIZING
2026-09-06 22:50:00,P-101A,94.72,19.44,374.7,62.32,1.926,110.6,88.72,397.9,VENTING_TO_FLARE,3.42,POST_RELIEF_STABILIZING
2026-09-06 22:55:00,P-101A,93.23,20.29,374.9,62.3,1.924,110.6,87.23,397.2,VENTING_TO_FLARE,3.47,POST_RELIEF_STABILIZING
2026-09-06 23:00:00,P-101A,93.66,19.24,379.84,62.27,1.922,110.5,87.66,397.9,VENTING_TO_FLARE,3.39,POST_RELIEF_STABILIZING
2026-09-06 23:05:00,P-101A,93.0,20.14,375.58,62.25,1.92,110.5,87.0,398.1,VENTING_TO_FLARE,3.49,POST_RELIEF_STABILIZING
2026-09-06 23:10:00,P-101A,93.05,19.67,378.71,62.23,1.919,110.5,87.05,398.5,VENTING_TO_FLARE,3.44,POST_RELIEF_STABILIZING
2026-09-06 23:15:00,P-101A,92.82,20.1,374.66,62.21,1.917,110.4,86.82,397.9,VENTING_TO_FLARE,3.47,POST_RELIEF_STABILIZING
2026-09-06 23:20:00,P-101A,93.2,19.96,380.08,62.2,1.916,110.4,87.2,397.9,VENTING_TO_FLARE,3.34,POST_RELIEF_STABILIZING
2026-09-06 23:25:00,P-101A,92.02,19.86,374.95,62.18,1.914,110.4,86.02,397.8,VENTING_TO_FLARE,3.48,POST_RELIEF_STABILIZING
2026-09-06 23:30:00,P-101A,92.2,19.32,379.19,62.17,1.913,110.3,86.2,397.5,VENTING_TO_FLARE,3.43,POST_RELIEF_STABILIZING
2026-09-06 23:35:00,P-101A,93.64,20.19,377.46,62.15,1.912,110.3,87.64,398.9,VENTING_TO_FLARE,3.37,POST_RELIEF_STABILIZING
2026-09-06 23:40:00,P-101A,92.93,19.53,380.0,62.14,1.911,110.3,86.93,397.5,VENTING_TO_FLARE,3.39,POST_RELIEF_STABILIZING
2026-09-06 23:45:00,P-101A,92.3,19.42,377.65,62.13,1.91,110.3,86.3,397.6,VENTING_TO_FLARE,3.31,POST_RELIEF_STABILIZING
2026-09-06 23:50:00,P-101A,92.5,19.28,377.16,62.12,1.91,110.2,86.5,398.7,VENTING_TO_FLARE,3.46,POST_RELIEF_STABILIZING
2026-09-06 23:55:00,P-101A,93.26,19.6,374.16,62.11,1.909,110.2,87.26,398.4,VENTING_TO_FLARE,3.49,POST_RELIEF_STABILIZING
